Index,Model,Name,Subname,Series,Issue,Japanese,Rarity,Attr,Marks,Capsule,Exchange,Mission,Other,Limited,Release Date,Notes,Level,Link
1,,Unassigned [P],,99,,,1,1,4,Friend,,,,FALSE,2019-07-31,,80,
2,,Unassigned [S],,99,,,1,3,4,Friend,,,,FALSE,2019-07-31,,80,
3,,Unassigned [T],,99,,,1,2,4,Friend,,,,FALSE,2019-07-31,,80,
4,RX-78-2,Gundam,Pre-Registration Reward,1,1,ガンダム【事前登録報酬】,2,1,3,,,,Pre-Registration,FALSE,2019-07-31,Pre-Registration Reward,80,Dengeki
5,RX-78-2,Gundam,,1,1,ガンダム,4,2,1,Standard,,,,FALSE,2019-07-31,Haro Chip Capsule,80,Dengeki
6,RX-75-4,Guntank,,1,3,ガンタンク,1,1,4,Friend,,,,FALSE,2019-07-31,"Free Missions, Friend Point Capsule, Capital Shop",80,Dengeki
7,RX-77-2,Guncannon,,1,2,ガンキャノン,1,1,4,Friend,,,,FALSE,2019-07-31,"Free Missions, Friend Point Capsule, Capital Shop",80,Dengeki
8,RGM-79,GM,,1,4,ジム,1,1,4,Friend,,,,FALSE,2019-07-31,"Free Missions, Friend Point Capsule, Capital Shop",80,Dengeki
9,MS-06,Zaku II,,1,5,ザクⅡ,1,2,4,Friend,,,,FALSE,2019-07-31,"Free Missions, Friend Point Capsule, Capital Shop",80,Dengeki
10,MS-06S,Zaku II,Char Aznable,1,6,ザクⅡ［シャア・アズナブル専用］,3,3,2,Standard,,,,FALSE,2019-07-31,Haro Chip Capsule,80,Dengeki
11,MS-09B,Dom,,1,8,ドム,1,2,4,Friend,,,,FALSE,2019-07-31,"Free Missions, Friend Point Capsule, Capital Shop",80,Dengeki
12,MS-07B,Gouf,,1,7,グフ,1,2,4,Friend,,,,FALSE,2019-07-31,"Free Missions, Friend Point Capsule, Capital Shop",80,Dengeki
13,MSM-04,Acguy,,1,9,アッガイ,1,2,4,Friend,,,,FALSE,2019-07-31,"Friend Point Capsule, Capital Shop",80,Dengeki
14,MSM-07,Z'Gok,,1,10,ズゴック,1,2,4,Friend,,,,FALSE,2019-07-31,"Free Missions, Friend Point Capsule, Capital Shop",80,Dengeki
15,YMS-15,Gyan,,1,11,ギャン,1,2,4,Friend,,,,FALSE,2019-07-31,"Free Missions, Friend Point Capsule, Capital Shop",80,Dengeki
16,MS-14,Gelgoog,Mass Production Type,1,12,ゲルググ［量産型］,1,3,4,Friend,,,,FALSE,2019-07-31,"Free Missions, Friend Point Capsule, Capital Shop",80,Dengeki
17,MS-06F,Zaku Minelayer,,2,2,ザクマインレイヤー,1,2,4,Friend,,,,FALSE,2019-07-31,"Free Missions, Friend Point Capsule, Capital Shop",80,Dengeki
18,MS-06FS,Zaku II Type FS,Garma Zabi,2,1,ザクⅡFS［ガルマ・ザビ専用］,2,3,3,Standard,,,,FALSE,2019-07-31,Haro Chip Capsule,80,Dengeki
19,MS-14C,Gelgoog Cannon,,2,3,ゲルググキャノン,1,1,4,Friend,,,,FALSE,2019-07-31,"Free Missions, Friend Point Capsule, Capital Shop",80,Dengeki
20,MW-01,Mobile Worker,,36,1,モビルワーカー,1,1,4,Friend,,,,FALSE,2019-07-31,"Free Missions, Friend Point Capsule, Capital Shop",80,Dengeki
21,RX-178,Gundam Mk-II,A.E.U.G. Design,8,2,ガンダムMk-Ⅱ［エゥーゴ仕様］,2,1,3,Standard,,,,FALSE,2019-07-31,Haro Chip Capsule,80,Dengeki
22,RX-178,Gundam Mk-II,Titans Design,8,6,ガンダムMk-Ⅱ［ティターンズ仕様］,2,3,3,Standard,,,,FALSE,2019-07-31,Haro Chip Capsule,80,Dengeki
23,RGM-86R,GM II,,8,5,ジムⅡ,1,3,4,Friend,,,,FALSE,2019-07-31,"Free Missions, Friend Point Capsule, Capital Shop",80,Dengeki
24,RMS-099,Rick Dias,Quattro Bajeena Colors,8,4,リック・ディアス［クワトロ・バジーナカラー］,2,2,3,Standard,,,,FALSE,2019-07-31,Haro Chip Capsule,80,Dengeki
25,PMX-001,Palace Athene,,8,7,パラス・アテネ,2,1,3,Standard,,,,FALSE,2019-07-31,Haro Chip Capsule,80,Dengeki
26,RGM-86R,GM III,,10,1,ジムⅢ,1,1,4,Friend,,,,FALSE,2019-07-31,"Free Missions, Friend Point Capsule, Capital Shop",80,Dengeki
27,AMX-014,Döven Wolf,,10,2,ドーベン・ウルフ,2,1,3,Standard,,,,FALSE,2019-07-31,Haro Chip Capsule,80,Dengeki
28,RGM-89,Jegan,,11,2,ジェガン,2,2,3,Standard,,,,FALSE,2019-07-31,Haro Chip Capsule,80,Dengeki
29,AMS-119,Geara Doga,,11,3,ギラ・ドーガ,2,2,3,Standard,,,,FALSE,2019-07-31,Haro Chip Capsule,80,Dengeki
30,RX-78NT-1FA,Gundam NT-1,Chobham Armor,6,2,ガンダムNT-1［チョバムアーマー装備］,3,2,2,Standard,,,,FALSE,2019-07-31,Haro Chip Capsule,80,Dengeki
31,MS-06FZ,Zaku II Kai,,6,4,ザクⅡ改,2,2,3,Standard,,,,FALSE,2019-07-31,Haro Chip Capsule,80,Dengeki
32,MS-14Jg,Gelgoog Jäger,,6,7,ゲルググJ,2,3,3,Standard,,,,FALSE,2019-07-31,Haro Chip Capsule,80,Dengeki
33,MSM-03C,Hy-Gogg,,6,5,ハイゴッグ,2,3,3,Standard,,,,FALSE,2019-07-31,Haro Chip Capsule,80,Dengeki
34,MS-18E,Kämpfer,,6,6,ケンプファー,3,2,2,Standard,,,,FALSE,2019-07-31,Haro Chip Capsule,80,Dengeki
35,RGM-79GS,GM Command,Space Type,6,3,ジム・コマンド［宇宙仕様］,1,3,4,Friend,,,,FALSE,2019-07-31,"Free Missions, Friend Point Capsule, Capital Shop",80,Dengeki
36,XM-01,Den'an Zon,,13,2,デナン・ゾン,2,2,3,Standard,,,,FALSE,2019-07-31,Haro Chip Capsule,80,Dengeki
37,RGM-79N,GM Custom,,7,2,ジム・カスタム,1,3,4,Friend,,,,FALSE,2019-07-31,"Free Missions, Friend Point Capsule, Capital Shop",80,Dengeki
38,MS-09F/trop,Dom Tropen,,7,3,ドム・トローペン,1,2,4,Friend,,,,FALSE,2019-07-31,"Free Missions, Friend Point Capsule, Capital Shop",80,Dengeki
39,MS-09F/trop,Dom Tropen,Sand Brown,7,4,ドム・トローペン［サンドブラウン］,1,3,4,Friend,,,,FALSE,2019-07-31,"Free Missions, Friend Point Capsule, Capital Shop",80,Dengeki
40,GF13-009NF,Gundam Rose,,16,4,ガンダムローズ,3,1,2,Standard,,,,FALSE,2019-07-31,Haro Chip Capsule,80,Dengeki
41,XXXG-01W,Wing Gundam,Pre-Registration Reward,17,1,ウイングガンダム【事前登録報酬】,2,2,3,,,,Pre-Registration,FALSE,2019-07-31,Pre-Registration Reward,80,Dengeki
42,MMS-01,Serpent Custom,,18,2,サーペントカスタム,1,3,4,Friend,,,,FALSE,2019-07-31,"Free Missions, Friend Point Capsule, Capital Shop",80,Dengeki
43,MMS-01,Serpent Custom,Double Gatling Gun,18,3,サーペントカスタム［ダブルガトリングガン装備］,1,3,4,Friend,,,,FALSE,2019-07-31,"Free Missions, Friend Point Capsule, Capital Shop",80,Dengeki
44,GAT-X102,Duel Gundam,,21,5,デュエルガンダム,3,3,2,Standard,,,,FALSE,2019-07-31,Haro Chip Capsule,80,Dengeki
45,GAT-X303,Aegis Gundam,,21,4,イージスガンダム,4,3,1,Standard,,,,FALSE,2019-07-31,Haro Chip Capsule,80,Dengeki
46,MBF-P04,Astray Green Frame,,23,3,アストレイ グリーンフレーム,2,1,3,Standard,,,,FALSE,2019-07-31,Haro Chip Capsule,80,Dengeki
47,GNX-603T,GN-X,,25,4,ジンクス,2,2,3,Standard,,,,FALSE,2019-07-31,Haro Chip Capsule,80,Dengeki
48,GNX-609T,GN-XIII,,25,5,ジンクスⅢ,2,3,3,Standard,,,,FALSE,2019-07-31,Haro Chip Capsule,80,Dengeki
49,GNR-101A,GN Archer,,25,3,GNアーチャー,2,3,3,Standard,,,,FALSE,2019-07-31,Haro Chip Capsule,80,Dengeki
50,AGE-1T,Gundam AGE-1 Titus,,26,2,ガンダムAGE-1 タイタス,3,1,2,Standard,,,,FALSE,2019-07-31,Haro Chip Capsule,80,Dengeki
51,ovv-f,Gafran,,26,3,ガフラン,2,1,3,Standard,,,,FALSE,2019-07-31,Haro Chip Capsule,80,Dengeki
52,EMS-10,Zudah,,37,2,ヅダ,1,2,4,Friend,,,,FALSE,2019-07-31,"Free Missions, Friend Point Capsule, Capital Shop",80,Dengeki
53,EMS-10,Zudah,Commander Type,37,1,ヅダ［隊長機］,2,3,3,Standard,,,,FALSE,2019-07-31,Haro Chip Capsule,80,Dengeki
54,RGM-96X,Jesta,,12,1,ジェスタ,2,2,3,Standard,,,,FALSE,2019-07-31,Haro Chip Capsule,80,Dengeki
55,RGM-96X,Jesta Cannon,,12,2,ジェスタ・キャノン,2,1,3,Standard,,,,FALSE,2019-07-31,Haro Chip Capsule,80,Dengeki
56,RGM-89S,Stark Jegan,,12,3,スタークジェガン,1,3,4,Friend,,,,FALSE,2019-07-31,"Free Missions, Friend Point Capsule, Capital Shop",80,Dengeki
57,AMX-009,Dreissen,Unicorn Ver.,12,4,ドライセン［ユニコーンVer.］,1,1,4,Friend,,,,FALSE,2019-07-31,"Free Missions, Friend Point Capsule, Capital Shop",80,Dengeki
58,RX-160S,Byarlant Custom,,12,5,バイアラン・カスタム,2,1,3,Standard,,,,FALSE,2019-07-31,Haro Chip Capsule,80,Dengeki
59,MSM-04G,Juaggu,Unicorn Ver.,12,6,ジュアッグ［ユニコーンVer.］,1,3,4,Friend,,,,FALSE,2019-07-31,"Free Missions, Friend Point Capsule, Capital Shop",80,Dengeki
60,ASW-G-08,Gundam Barbatos,4th Form,28,1,ガンダムバルバトス［第4形態］,4,1,1,Standard,,,,FALSE,2019-07-31,Haro Chip Capsule,80,Dengeki
61,GPB-04B,Beargguy,,31,2,ベアッガイ,3,1,2,Standard,,,,FALSE,2019-07-31,Haro Chip Capsule,80,Dengeki
62,RX-93,Nu Gundam,Ver. Ka,11,1,νガンダム［Ver.Ka］,4,3,1,Banner / Sokai Festival,,,,FALSE,2019-07-31,Haro Chip Capsule,80,Dengeki
63,Gundam Artemis,Gundam Artemis,,99,1,ガンダムアルテミス,2,1,1,Standard,,,,FALSE,2019-07-31,"Friend Point Capsule, Capital Shop",80,Dengeki
64,JMF1336R,Rising Gundam,,16,2,ライジングガンダム,3,3,2,,Event,,,FALSE,2019-08-07,Bullseye Coins (Event),80,Dengeki
65,MRC-F20,Mobile SUMO,Gold Type,20,1,モビルスモー［ゴールドタイプ］,3,3,2,,Arena,,,FALSE,2019-08-07,Arena Coins,80,Dengeki
66,GN-001,Gundam Exia,,25,1,ガンダムエクシア,4,3,1,Standard,,,,FALSE,2019-08-07,Haro Chip Capsule,80,Dengeki
67,GN-002,Gundam Dynames,,25,2,ガンダムデュナメス,4,2,1,Standard,,,,FALSE,2019-08-07,Haro Chip Capsule,80,Dengeki
68,GX-9900-DV,Gundam X Divider,,19,2,ガンダムXディバイダー,4,1,1,Standard,,,,FALSE,2019-08-14,Haro Chip Capsule,80,Dengeki
69,GAT-X105,Aile Strike Gundam,,21,1,エールストライクガンダム,4,3,1,Standard,,,,FALSE,2019-08-14,Haro Chip Capsule,80,Dengeki
70,GAT-X207,Blitz Gundam,,21,6,ブリッツガンダム,3,3,2,,Event,,,FALSE,2019-08-14,Assault Coins (Event),80,Dengeki
71,MBF-P02,Astray Red Frame,,23,1,アストレイ レッドフレーム,4,3,1,Standard,,,,FALSE,2019-08-21,Haro Chip Capsule,80,Dengeki
72,GF13-011NC,Dragon Gundam,,16,3,ドラゴンガンダム,3,2,2,Standard,,,,FALSE,2019-08-21,Haro Chip Capsule,80,Dengeki
73,AGX-04,Gerbera Tetra,,7,5,ガーベラ・テトラ,3,3,2,,Event,,,FALSE,2019-08-21,Covert Coins (Event),80,Dengeki
74,MSZ-006,Zeta Gundam,,8,1,Zガンダム,4,3,1,Sokai Festival,,,,TRUE,2019-08-28,Haro Chip Capsule (Sokai Festival),80,Dengeki
75,AMX-004,Qubeley,,8,8,キュベレイ,4,1,1,Sokai Festival,,,,TRUE,2019-08-28,Haro Chip Capsule (Sokai Festival),80,Dengeki
76,OZ-00MS,Tallgeese II,,17,6,トールギスⅡ,3,2,2,,Event,,,FALSE,2019-08-28,Commander-in-Chief Coins (Event),80,Dengeki
77,MSN-00100,Hyaku Shiki,,8,3,百式,3,3,2,,Event,,,FALSE,2019-09-04,Golden Coins (Event),80,Dengeki
78,XXXG-01S,Shenlong Gundam,,17,3,シェンロンガンダム,4,2,1,Standard,,,,FALSE,2019-09-04,Haro Chip Capsule,80,Dengeki
79,XXXG-01D,Gundam Deathscythe,,17,2,ガンダムデスサイズ,4,3,1,Standard,,,,FALSE,2019-09-04,Haro Chip Capsule,80,Dengeki
80,Code ϕ,Code ϕ,,99,2,Codeφ,2,2,1,,,Free (Hard),,FALSE,2019-09-07,Free Missions (Hard),80,Dengeki
81,XXXG-01W,Wing Gundam,,17,1,ウイングガンダム,4,3,1,Standard,,,,FALSE,2019-09-11,Haro Chip Capsule,80,Dengeki
82,ZGMF-X56S/α,Force Impulse Gundam,,22,1,フォースインパルスガンダム,4,1,1,Standard,,,,FALSE,2019-09-11,Haro Chip Capsule,80,Dengeki
83,ASW-G-11,Gundam Gusion,,28,3,ガンダムグシオン,3,1,2,,Event,,,FALSE,2019-09-11,Colossus Coins (Event),80,Dengeki
84,XXXG-01SR,Gundam Sandrock,Promotional Code,17,5,ガンダムサンドロック【プロダクトコード持典】,3,3,2,,,,Promotional,FALSE,2019-09-13,Japanese-exclusive promotional code redemption,80,
85,GF13-017NJ,Shining Gundam,,16,1,シャイニングガンダム,4,1,1,Standard,,,,FALSE,2019-09-18,Haro Chip Capsule,80,Dengeki
86,GAT-X105,Sword Strike Gundam,,21,2,ソードストライクガンダム,3,2,2,,Event,,,FALSE,2019-09-18,Sword Coins (Event),80,Dengeki
87,侍ノ弐,Sengoku Astray Gundam,,32,1,戦国アストレイ頑駄無,4,2,1,Standard,,,,FALSE,2019-09-18,Haro Chip Capsule,80,Dengeki
88,ZGMF-X10A,Freedom Gundam,,21,7,フリーダムガンダム,4,1,1,Sokai Festival,,,,TRUE,2019-09-25,Haro Chip Capsule (Sokai Festival),80,Dengeki
89,ZGMF-X09A,Justice Gundam,,21,8,ジャスティスガンダム,4,3,1,Sokai Festival,,,,TRUE,2019-09-25,Haro Chip Capsule (Sokai Festival),80,Dengeki
90,GSX-401FW,Stargazer Gundam,,24,1,スターゲイザー,3,3,2,,Event,,,FALSE,2019-09-25,Encounter Coins (Event),80,Dengeki
91,AMX-109,Mobile Kapool,,20,2,モビルカプル,1,1,4,Friend,,,,FALSE,2019-09-25,"Free Missions, Friend Point Capsule, Capital Shop",80,Dengeki
92,MBF-02,Strike Rouge,IWSP,46,1,ストライクルージュ［I.W.S.P.］,3,3,2,,Arena,,,FALSE,2019-10-01,Arena Coins,80,Dengeki
93,RX-80PR,Pale Rider,,5,1,ペイルライダー,4,3,1,Standard,,,,FALSE,2019-10-02,"Haro Chip Capsule, [No. 001] Bonus Coins",80,Dengeki
94,GAT-X102,Duel Gundam (Assault Shroud),,21,10,デュエルガンダムアサルトシュラウド,4,1,1,Standard,,,,FALSE,2019-10-02,"Haro Chip Capsule, [No. 001] Bonus Coins",80,Dengeki
95,MSN-001A1,Delta Plus,,12,7,デルタプラス,3,1,2,,Event,,,FALSE,2019-10-02,Ashen Coins (Event),80,Dengeki
96,xvm-fzc,Gundam Legilis,,26,4,ガンダムレギルス,4,2,1,Standard,,,,FALSE,2019-10-09,"Haro Chip Capsule, [No. 002] Bonus Coins",80,Dengeki
97,RX-121-2A,Gundam TR-1,Advanced Hazel w/ Optical Sensor Unit,40,1,ガンダムTR-1［アドバンスド・ヘイズル／光学センサーユニット装備］,3,2,2,,Event,,,FALSE,2019-10-09,Advance Coins (Event),80,Dengeki
98,PFF-X7/E3,EARTHREE GUNDAM,,62,1,アースリィガンダム,4,3,1,Standard,,,,FALSE,2019-10-09,"Haro Chip Capsule, [No. 002] Bonus Coins",80,Dengeki
99,RGM-96X,Gundam F91,,13,1,ガンダムF91,4,2,1,Capsule Medal,,,,FALSE,2019-10-09,Event Capsule,80,Dengeki
100,GAT-X103,Buster Gundam,,21,99,バスターガンダム,3,1,2,Capsule Medal,,,,FALSE,2019-10-09,Event Capsule,80,Dengeki
101,MSM-03C,Hy-Gogg [ALT],,6,5,ハイゴッグ（✧1）（T）,1,2,3,Capsule Medal,,,,FALSE,2019-10-09,Event Capsule,80,Dengeki
102,MS-18E,Kämpfer [ALT],,6,6,ケンプファー（✧1）（P）,1,1,2,Capsule Medal,,,,FALSE,2019-10-09,Event Capsule,80,Dengeki
103,ovv-f,Gafran [ALT],,26,3,ガフラン（✧1）（S）,1,3,3,Capsule Medal,,,,FALSE,2019-10-09,Event Capsule,80,Dengeki
104,RGM-96X,Jesta Cannon [ALT],,12,2,ジェスタ・キャノン（✧1）（T）,1,2,3,Capsule Medal,,,,FALSE,2019-10-09,Event Capsule,80,Dengeki
105,RGM-89S,Stark Jegan [ALT],,12,3,スタークジェガン（✧1）（P）,1,1,4,Capsule Medal,,,,FALSE,2019-10-09,Event Capsule,80,Dengeki
106,GPB-04B,Beargguy [ALT],,31,2,ベアッガイ（✧1）（T）,1,2,2,Capsule Medal,,,,FALSE,2019-10-09,Event Capsule,80,Dengeki
107,EMS-10,Zudah [ALT],,37,2,ヅダ（✧1）（S）,1,3,3,Capsule Medal,,,,FALSE,2019-10-09,Event Capsule,80,Dengeki
108,RMS-099,Rick Dias [ALT],Quattro Bajeena Colors,8,4,リック・ディアス［クワトロ・バジーナカラー］（✧1）（S）,1,3,3,Capsule Medal,,,,FALSE,2019-10-09,Event Capsule,80,Dengeki
109,PMX-001,Palace Athene [ALT],,8,7,パラス・アテネ（✧1）（T）,1,2,3,Capsule Medal,,,,FALSE,2019-10-09,Event Capsule,80,Dengeki
110,AMX-014,Döven Wolf [ALT],,10,2,ドーベン・ウルフ（✧1）（S）,1,3,3,Capsule Medal,,,,FALSE,2019-10-09,Event Capsule,80,Dengeki
111,MMS-01,Serpent Custom [ALT],,18,2,サーペントカスタム（✧1）（P）,1,1,4,Capsule Medal,,,,FALSE,2019-10-09,Event Capsule,80,Dengeki
112,RX-160S,Byarlant Custom [ALT],,12,5,バイアラン・カスタム（✧1）（S）,1,3,3,Capsule Medal,,,,FALSE,2019-10-09,Event Capsule,80,Dengeki
113,GF13-009NF,Gundam Rose [ALT],,16,4,ガンダムローズ（✧1）（T）,1,2,2,Capsule Medal,,,,FALSE,2019-10-09,Event Capsule,80,Dengeki
114,OZ-00MS,Tallgeese,Endless Waltz Ver.,18,4,トールギス［Endless Waltz版］,4,3,1,Standard,,,,FALSE,2019-10-16,"Haro Chip Capsule, [No. 003] Bonus Coins",80,Dengeki
115,LM312V04,Victory Gundam,,15,1,ヴィクトリーガンダム,4,2,1,Standard,,,,FALSE,2019-10-16,"Haro Chip Capsule, [No. 003] Bonus Coins",80,Dengeki
116,YAMS-132,Rozen Zulu,,12,8,ローゼン・ズール,3,2,2,,Event,,,FALSE,2019-10-16,Rose Coins (Event),80,Dengeki
117,RX-78GP01,Gundam GP01,Zephyranthes,7,1,ガンダム試作1号機［ゼフィランサス］,4,2,1,Standard,,,,FALSE,2019-10-23,"Haro Chip Capsule, [No. 004] Bonus Coins",80,Dengeki
118,RX-78GP02A,Gundam GP02A,Physalis,7,7,ガンダム試作2号機［サイサリス］,4,1,1,Standard,,,,FALSE,2019-10-23,"Haro Chip Capsule, [No. 004] Bonus Coins",80,Dengeki
119,AGE-1,Gundam AGE Normal,,26,1,ガンダムAGE-1 ノーマル,3,1,2,,Event,,,FALSE,2019-10-23,AGE Coins (Event),80,Dengeki
120,RX-0,Unicorn Gundam,,12,10,ユニコーンガンダム,4,3,1,Sokai Festival,,,,TRUE,2019-10-30,Haro Chip Capsule (Sokai Festival),80,Dengeki
121,NZ-666,Kshatriya,,12,9,クシャトリヤ,4,1,1,Sokai Festival,,,,TRUE,2019-10-30,Haro Chip Capsule (Sokai Festival),80,Dengeki
122,XXXG-01H,Gundam Heavyarms,,17,4,ガンダムヘビーアームズ,3,2,2,,Event,,,FALSE,2019-10-30,Heavy Weaponry Coins (Event),80,Dengeki
123,Sanakapool,Sanakapool,,99,8,サナカプル,3,1,1,Sanakapool,,,,FALSE,2019-10-30,Sanakapool Coin Capsule,80,Dengeki
124,ASW-G-08,Gundam Barbatos,6th Form,28,5,ガンダムバルバトス［第6形態］,4,3,1,Standard,,,,FALSE,2019-11-06,"Haro Chip Capsule, [No. 005] Bonus Coins",80,Dengeki
125,GN-004,Gundam Nadleeh,,25,6,ガンダムナドレ,3,3,2,,Event,,,FALSE,2019-11-06,Trial Coins (Event),80,Dengeki
126,ASW-G-11,Gundam Gusion Rebake,,28,4,ガンダムグシオンリベイク,4,1,1,Standard,,,,FALSE,2019-11-06,"Haro Chip Capsule, [No. 005] Bonus Coins",80,Dengeki
127,RX-78GP03S,Gundam GP03,Stamen,7,8,ガンダム試作3号機［ステイメン］,4,2,1,Standard,,,,FALSE,2019-11-13,Haro Chip Capsule,80,Dengeki
128,MSN-03,Jagd Doga,Quess Custom,11,4,ヤクト・ドーガ ［クェス専用］,3,2,2,,Event,,,FALSE,2019-11-13,Silver-Red Coins (Event),80,Dengeki
129,PFF-X7/M4,MARSFOUR GUNDAM,,62,2,マーズフォーガンダム,4,1,1,Standard,,,,FALSE,2019-11-13,"Haro Chip Capsule, [No. 006] Bonus Coins",80,Dengeki
130,GX-9900,Gundam X,,19,1,ガンダムX,4,3,1,Standard,,,,FALSE,2019-11-20,"Haro Chip Capsule, [No. 007] Bonus Coins",80,Dengeki
131,NRX-0013,Gundam Virsago,,19,3,ガンダムヴァサーゴ,4,1,1,Standard,,,,FALSE,2019-11-20,"Haro Chip Capsule, [No. 007] Bonus Coins",80,Dengeki
132,GAT-X105,Launcher Strike Gundam,,21,3,ランチャーストライクガンダム,3,1,2,,Event,,,FALSE,2019-11-20,Knockout Coins (Event),80,Dengeki
133,GAT-X105E,Strike Noir,,24,2,ストライクノワール,3,3,2,,Event,,,FALSE,2019-11-27,Obsidian Coins (Event),80,Dengeki
134,MSZ-010S,Enhanced ZZ Gundam,Ver. Ka,10,3,強化型ZZガンダム［Ver.Ka］,4,1,1,Sokai Festival,,,,TRUE,2019-11-27,Haro Chip Capsule (Sokai Festival),80,Dengeki
135,FA-93-ν2HWS,Hi-nu Gundam HWS,Ver. Ka,41,1,Hi-νガンダムHWS［Ver.Ka］,4,2,1,Sokai Festival,,,,TRUE,2019-11-27,Haro Chip Capsule (Sokai Festival),80,Dengeki
136,OZ-06MS,Leo,,17,7,リーオー,1,1,4,,,,Blueprint,FALSE,2019-11-27,"Free Missions, Friend Point Capsule, Capital Shop",80,Dengeki
137,MS-14B,High Mobility Gelgoog,Johnny Ridden,2,4,高機動型ゲルググ［ジョニー・ライデン専用］,3,2,2,,Arena,,,FALSE,2019-12-01,Arena Coins,80,Dengeki
138,MBF-P03,Astray Blue Frame,,23,2,アストレイ ブルーフレーム,4,3,1,Standard,,,,FALSE,2019-12-04,Haro Chip Capsule,80,Dengeki
139,GN-003,Gundam Kyrios,,25,7,ガンダムキュリオス,3,2,2,,Event,,,FALSE,2019-12-04,Revolution Coins (Event),80,Dengeki
140,PFF-X7/V2,VEETWO GUNDAM,,62,3,ヴィートルーガンダム,4,2,1,Standard,,,,FALSE,2019-12-04,Haro Chip Capsule,80,Dengeki
141,RX-78GP01Fb,Gundam GP01Fb,Zephyranthes Fb,7,6,ガンダム試作1号機フルバーニアン［ゼフィランサスFb］,4,1,1,Standard,,,,FALSE,2019-12-11,"Haro Chip Capsule, [No. 009] Bonus Coins",80,Dengeki
142,MS-07B-3,Gouf Custom,,3,3,グフ・カスタム,3,1,2,,Event,,,FALSE,2019-12-11,Trooper Coins (Event),80,Dengeki
143,ZGMF-X13A,Providence Gundam,,21,11,プロヴィデンスガンダム,4,2,1,Standard,,,,FALSE,2019-12-11,"Haro Chip Capsule, [No. 009] Bonus Coins",80,Dengeki
144,GPB-X80-30F,Beginning 30 Gundam,,31,1,ビギニング30ガンダム,4,2,1,Standard,,,,FALSE,2019-12-18,"Haro Chip Capsule, [No. 010] Bonus Coins",80,Dengeki
145,XM-X1,Crossbone Gundam X1,,14,1,クロスボーン・ガンダムX1,3,2,2,,Event,,,FALSE,2019-12-18,Pirate Coins (Event),80,Dengeki
146,ASW-G-29,Gundam Astaroth,,63,1,ガンダムアスタロト,4,1,1,Standard,,,,FALSE,2019-12-18,"Haro Chip Capsule, [No. 010] Bonus Coins",80,Dengeki
147,XXXG-00W0,Wing Gundam 0,Endless Waltz Ver.,18,1,ウイングガンダムゼロ［Endless Waltz版］,4,3,1,Christmas,,,,TRUE,2019-12-21,Haro Chip Capsule (Christmas Event),80,Dengeki
148,RX-79BD-1,Blue Destiny Unit-1,,4,99,ブルーディスティニー1号機,3,1,2,,Event,,,FALSE,2019-12-25,[Part 1] BD Coin Exchange (Event),80,Dengeki
149,Concept-X6-1-2,Turn X,,20,3,ターンX,4,1,1,Sokai Festival,,,,TRUE,2019-12-25,Haro Chip Capsule (Sokai Festival),80,Dengeki
150,ORB-01,Akatsuki,Oowashi Pack,22,2,アカツキ［オオワシパック］,4,3,1,Akatsuki Ticket,,,,TRUE,2019-12-25,Akatsuki Ticket Capsules (Event),80,Dengeki
151,WD-M01,Turn A Gundam,,20,4,∀ガンダム,4,2,1,Sokai Festival,,,,TRUE,2019-12-25,Haro Chip Capsule (Sokai Festival),80,Dengeki
152,GAT-X105B/FP,Build Strike Gundam,Full Package,32,2,ビルドストライクガンダム［フルパッケージ］,4,2,1,Standard,,,,FALSE,2020-01-08,"Haro Chip Capsule, [No. 011] Bonus Coins",80,Dengeki
153,MSN-02,Zeong,,1,14,ジオング,4,3,1,,,,,FALSE,2020-01-08,"Haro Chip Capsule, [No. 011] Bonus Coins",80,Dengeki
154,VGMM-Git01,Kabakali,,27,1,カバカーリー,3,2,2,,Event,,,FALSE,2020-01-08,Guardian Coins (Event),80,Dengeki
155,RX-78NT-1,Gundam NT-1,,6,1,ガンダムNT-1,4,1,1,Capsule Medal,,,,FALSE,2020-01-15,Event Capsule,80,Dengeki
156,AGE-2,Gundam AGE-2 Normal,,26,5,ガンダムAGE-2 ノーマル,3,2,2,,Event,,,FALSE,2020-01-15,AGE-2 Coins (Event),80,Dengeki
157,RX-104FF,Penelope,,43,1,ペーネロペー,4,3,1,Update Celebration,,,,TRUE,2020-01-15,Haro Chip Capsule (Update Celebration),80,Dengeki
158,GF13-050NSW,Noble Gundam,,16,5,ノーベルガンダム,4,2,1,Standard,,,,FALSE,2020-01-22,"Haro Chip Capsule, [No. 012] Bonus Coins",80,Dengeki
159,FA-78,Full Armor Gundam,Thunderbolt Ver.,38,1,フルアーマー・ガンダム［ガンダム サンダーボルト版］,4,3,1,Standard,,,,FALSE,2020-01-22,"Haro Chip Capsule, [No. 012] Bonus Coins",80,Dengeki
160,MS-08TX［EXAM］,Efreet Custom,,4,4,イフリート改,3,3,2,,Event,,,FALSE,2020-01-22,Blazing Coins (Event),80,Dengeki
161,PMX-003,The O,,8,9,ジ・O,4,2,1,Sokai Festival,,,,TRUE,2020-01-29,Haro Chip Capsule (Sokai Festival),80,Dengeki
162,GNX-Y901TW,Susanowo,,25,8,スサノオ,3,1,2,,Event,,,FALSE,2020-01-29,Demon Coins (Event),80,Dengeki
163,RX-0,Banshee,,12,11,バンシィ,4,1,1,Sokai Festival,,,,TRUE,2020-01-29,Haro Chip Capsule (Sokai Festival),80,Dengeki
164,GF13-001NHII,Master Gundam,,16,6,マスターガンダム,4,1,1,Standard,,,,FALSE,2020-02-05,"Haro Chip Capsule, [No. 013] Bonus Coins",80,Dengeki
165,BG-011B,Build Burning Gundam,,34,1,ビルドバーニングガンダム,4,3,1,Standard,,,,FALSE,2020-02-05,"Haro Chip Capsule, [No. 013] Bonus Coins",80,Dengeki
166,ZGMF-X88S,Gaia Gundam,,22,4,ガイアガンダム,3,3,2,,Event,,,FALSE,2020-02-05,Charge Coins (Event),80,Dengeki
167,GNT-0000/FS,00 Qan[T] Full Saber,,56,1,ダブルオークアンタフルセイバー,4,1,1,Valentine's Day,,,,TRUE,2020-02-12,Haro Chip Capsule (Valentines Day 2020),80,Dengeki
168,GNW-20000,Arche Gundam,,25,9,アルケーガンダム,3,1,2,,Event,,,FALSE,2020-02-12,Anomaly Coins (Event),80,Dengeki
169,XXXG-01D2,Gundam Deathscythe Hell,Endless Waltz Ver.,18,6,ガンダムデスサイズヘル［Endless Waltz版］,4,3,1,Standard,,,,FALSE,2020-02-19,Haro Chip Capsule,80,Dengeki
170,MBF-P01-Re,Astray Gold Frame Amatsu,,23,4,アストレイ ゴールドフレーム天,4,2,1,Standard,,,,FALSE,2020-02-19,Haro Chip Capsule,80,Dengeki
171,AMX-107R,Rebawoo,,44,1,リバウ,3,2,2,,Event,,,FALSE,2020-02-19,Leader Device A (Event),80,Dengeki
172,KNIGHT GUNDAM,Knight Gundam,,42,1,騎士ガンダム,4,1,1,Sokai Festival,,,,TRUE,2020-02-26,Haro Chip Capsule (Sokai Festival),80,Dengeki
173,MSN-04,Sazabi,,11,5,サザビー,4,2,1,Sokai Festival,,,,TRUE,2020-02-26,Haro Chip Capsule (Sokai Festival),80,Dengeki
174,GNW-003,Gundam Throne Drei,,25,15,ガンダムスローネドライ,3,3,2,,Event,,,FALSE,2020-02-26,Crimson Wings Chips (Event),80,Dengeki
175,MBF-P02,Astray Red Frame,Beginner Campaign,23,1,アストレイ レッドフレーム［ビギナーキャンペーン］（✧1）（P）,1,1,1,,Beginner Coin,,,FALSE,2020-02-26,Beginner Coin Exchange,80,Dengeki
176,ZGMF-X56S/α,Force Impulse Gundam,Beginner Campaign,22,1,フォースインパルスガンダム［ビギナーキャンペーン］（✧1）（T）,1,2,1,,Beginner Coin,,,FALSE,2020-02-26,Beginner Coin Exchange,80,Dengeki
177,RX-80PR,Pale Rider,Beginner Campaign,5,1,ペイルライダー［ビギナーキャンペーン］（✧1）（P）,1,1,1,,Beginner Coin,,,FALSE,2020-02-26,Beginner Coin Exchange,80,Dengeki
178,GAT-X102,Duel Gundam (Assault Shroud),Beginner Campaign,21,10,デュエルガンダムアサルトシュラウド［ビギナーキャンペーン］（✧1）（T）,1,2,1,,Beginner Coin,,,FALSE,2020-02-26,Beginner Coin Exchange,80,Dengeki
179,GPB-X80-30F,Beginning 30 Gundam,Beginner Campaign,31,1,ビギニング30ガンダム［ビギナーキャンペーン］（✧1）（S）,1,3,1,,Beginner Coin,,,FALSE,2020-02-26,Beginner Coin Exchange,80,Dengeki
180,RX-78GP01Fb,Gundam GP01Fb,Zephyranthes Fb / Beginner Campaign,7,6,ガンダム試作1号機フルバーニアン［ゼフィランサスFb／ビギナーキャンペーン］（✧1）（S）,1,3,1,,Beginner Coin,,,FALSE,2020-02-26,Beginner Coin Exchange,80,Dengeki
181,NRX-0013,Gundam Virsago,Beginner Campaign,19,3,ガンダムヴァサーゴ［ビギナーキャンペーン］（✧1）（T）,1,2,1,,Beginner Coin,,,FALSE,2020-02-26,Beginner Coin Exchange,80,Dengeki
182,OZ-00MS,Tallgeese,Endless Waltz Ver. / Beginner Campaign,18,4,トールギス［Endless Waltz版／ビギナーキャンペーン］（✧1）（P）,1,1,1,,Beginner Coin,,,FALSE,2020-02-26,Beginner Coin Exchange,80,Dengeki
183,GN-001,Gundam Exia,Beginner Campaign,25,1,ガンダムエクシア［ビギナーキャンペーン］（✧1）（P）,1,1,1,,Beginner Coin,,,FALSE,2020-02-26,Beginner Coin Exchange,80,Dengeki
184,LM312V04,Victory Gundam,Beginner Campaign,15,1,ヴィクトリーガンダム［ビギナーキャンペーン］（✧1）（S）,1,3,1,,Beginner Coin,,,FALSE,2020-02-26,Beginner Coin Exchange,80,Dengeki
185,MSJ-06II-SP,Tieren Taozi,,25,10,ティエレンタオツー,3,1,2,,Arena,,,FALSE,2020-03-02,Arena Coins,80,Dengeki
186,最強機動,Gundam Tryon 3,,34,3,ガンダムトライオン3,4,1,1,Standard,,,,FALSE,2020-03-04,Haro Chip Capsule,80,Dengeki
187,MBF-P02Kai,Astray Red Frame Custom,,23,5,アストレイ レッドフレーム改,4,2,1,Standard,,,,FALSE,2020-03-04,Haro Chip Capsule,80,Dengeki
188,RX-178B,Build Gundam Mk-II,,32,3,ビルドガンダムMk-Ⅱ,3,3,2,,Event,,,FALSE,2020-03-04,Manufactured Coins (Event),80,Dengeki
189,ASW-G-08,Gundam Barbatos Lupus,,28,6,ガンダムバルバトスルプス,4,2,1,Gundam Battle Festival,,,,TRUE,2020-03-11,Gundam Barbatos Lupus Capsule,80,Dengeki
190,ASW-G-XX,Gundam Vidar,,28,8,ガンダムヴィダール,4,3,1,Gundam Battle Festival,,,,TRUE,2020-03-11,Gundam Vidar Capsule,80,Dengeki
191,GF13-006NA,Gundam Maxter,,16,7,ガンダムマックスター,3,1,2,,Event,,,FALSE,2020-03-11,Slugger Coins (Event),80,Dengeki
192,XXXG-01Wf,Wing Gundam Fenice,,32,4,ウイングガンダムフェニーチェ,4,2,1,Standard,,,,FALSE,2020-03-18,Haro Chip Capsule,80,Dengeki
193,LGZ-91,Lightning Gundam,,34,2,ライトニングガンダム,4,3,1,Standard,,,,FALSE,2020-03-18,Haro Chip Capsule,80,Dengeki
194,CAMS-05,Mack Knife,Mask,27,2,マックナイフ［マスク専用機］,3,3,2,,Event,,,FALSE,2020-03-18,Dance Device A (Event),80,Dengeki
195,ZGMF-X42S,Destiny Gundam,,22,5,デスティニーガンダム,4,1,1,Sokai Festival,,,,TRUE,2020-03-25,Haro Chip Capsule (Sokai Festival),80,Dengeki
196,YAMISYOUGUN,Yami Syougun,,42,2,闇将軍,4,3,1,Sokai Festival,,,,TRUE,2020-03-25,Haro Chip Capsule (Sokai Festival),80,Dengeki
197,GN-005,Gundam Virtue,,25,11,ガンダムヴァーチェ,3,1,2,,Event,,,FALSE,2020-03-25,Full Throttle Chips (Event),80,Dengeki
198,ASW-G-01,Gundam Bael,,28,7,ガンダムバエル,4,2,1,Standard,,,,FALSE,2020-04-01,Haro Chip Capsule,80,Dengeki
199,XM-X2,Crossbone Gundam X2,,14,2,クロスボーン・ガンダムX2,4,1,1,Standard,,,,FALSE,2020-04-01,Haro Chip Capsule,80,Dengeki
200,EB-06/tc2,Ryusei-Go,Graze Custom II,28,9,流星号［グレイズ改弐］,3,2,2,,Event,,,FALSE,2020-04-01,Weathered Coins (Event),80,Dengeki
201,AMS-123X-X,Moon Gundam,,49,1,ムーンガンダム,4,2,1,Standard,,,,FALSE,2020-04-08,"[2020] April Step-Up Capsule, [No. 018] Bonus Coins",80,Dengeki
202,SDV-04,Command Gundam,,42,3,コマンドガンダム,3,2,2,,Event,,,FALSE,2020-04-08,G-ARMS Coins (Event),80,Dengeki
203,GX-9901-DX,Gundam Double X,,19,4,ガンダムダブルエックス,4,3,1,Gundam Battle Festival,,,,TRUE,2020-04-15,Gundam Double X Capsule,80,Dengeki
204,GN-0000+GNR-010,00 Raiser,,25,13,ダブルオーライザー,4,2,1,Gundam Battle Festival,,,,TRUE,2020-04-15,00 Raiser Capsule,80,Dengeki
205,ZGMF-X31S,Abyss Gundam,,22,6,アビスガンダム,3,2,2,,Event,,,FALSE,2020-04-15,Deep Coins (Event),80,Dengeki
206,Gundam Artemis,Gundam Artemis,Satellite Cannon,99,1,,2,1,1,Friend,,,,FALSE,2020-04-22,"Friend Point Capsule, Capital Shop",80,
207,EB-06,Graze,Ground/Standard,28,10,グレイズ,1,2,4,Friend,,,,FALSE,2020-04-22,"Friend Point Capsule, Capital Shop",80,
208,AGE-FX,Gundam AGE-FX,,26,9,ガンダムAGE-FX,4,1,1,Gundam Battle Festival,,,,TRUE,2020-05-13,Gundam AGE-FX Capsule,80,Dengeki
209,MBF-P03R,Astray Blue Frame 2nd Revise,,23,6,アストレイ ブルーフレームセカンドリバイ,4,3,1,Gundam Battle Festival,,,,TRUE,2020-05-13,Astray Blue Frame 2nd Revise Capsule,80,Dengeki
210,GF13-013NR,Bolt Gundam,,16,8,ボルトガンダム,3,1,2,,Event,,,FALSE,2020-05-13,Iron Coins (Weekly Event),80,Dengeki
211,AGE-2DH,Gundam AGE-2 Dark Hound,,26,10,ガンダムAGE-2_ダークハウンド,3,3,2,,Arena,,,FALSE,2020-05-18,Arena Coins,80,Dengeki
212,RX-78AL,Atlas Gundam,,38,2,アトラスガンダム,4,1,1,Standard,,,,FALSE,2020-05-20,Early Summer Step-Up Capsules,80,Dengeki
213,AGE-3F,Gundam AGE-3 Fortress,,26,11,ガンダムAGE-3_フォートレス,3,2,2,,Event,,,FALSE,2020-05-20,Fortress Device A (Event),80,Dengeki
214,CB-0000G/C,Reborns Gundam,,25,16,リボーンズガンダム,4,1,1,Sokai Festival,,,,TRUE,2020-05-27,Haro Chip Capsule (Sokai Festival),80,Dengeki
215,LM314V21,V2 Gundam,,15,2,V2ガンダム,4,3,1,Sokai Festival,,,,TRUE,2020-05-27,Haro Chip Capsule (Sokai Festival),80,Dengeki
216,ZGMF-X24S,Chaos Gundam,,22,7,カオスガンダム,3,1,2,,Event,,,FALSE,2020-05-27,Chaotic Chips (Event),80,Dengeki
217,MS-06R,Psycho Zaku,Thunderbolt Ver.,38,3,サイコ・ザク［ガンダム サンダーボルト版］,4,2,1,Standard,,,,FALSE,2020-06-03,Haro Chip Capsule,80,Dengeki
218,XXXG-01S,Shenlong Gundam,Endless Waltz Ver.,18,9,シェンロンガンダム［Endless Waltz版］,4,1,1,Standard,,,,FALSE,2020-06-03,Haro Chip Capsule,80,Dengeki
219,MS-14S,Gelgoog,Char Aznable,1,13,ゲルググ［シャア・アズナブル専用］,3,3,2,,Event,,,FALSE,2020-06-03,Texas Coins (Event),80,Dengeki
220,YG-111,Gundam G-Self,Atmospheric Pack Type,27,4,ガンダム G-セルフ［大気圏用パック装備型］,4,1,1,Standard,,,,FALSE,2020-06-10,Haro Chip Capsule & [No. 021] Bonus Coins,80,Dengeki
221,GAT-X105+AQM/E-YM1,Perfect Strike Gundam,,21,12,パーフェクトストライクガンダム,4,2,1,Standard,,,,FALSE,2020-06-10,Haro Chip Capsule & [No. 021] Bonus Coins,80,Dengeki
222,RX-93N04,ν-Zeon Gundam,,62,4,ν-ジオンガンダム,5,1,1,,,,Blueprint,TRUE,2020-06-10,Z Materials (Event Blueprint),80,Dengeki
223,RX-79［G］,Gundam Ez8,,3,2,ガンダムEz8,4,1,1,Capsule Medal,,,,FALSE,2020-06-10,Capsule Medals (Event Capsules),80,Dengeki
224,RX-79BD-2,Blue Destiny Unit-2,,4,2,ブルーディスティニー2号機,3,2,2,,Event,,,FALSE,2020-06-10,Scarlet Shoulder Coins (Weekly Event),80,Dengeki
225,ASW-G-64,Gundam Flauros,Ryusei-Go,28,11,ガンダム・フラウロス,4,3,1,Gundam Battle Festival,,,,TRUE,2020-06-17,Haro Chip Capsule (Gundam Battle Festival),80,Dengeki
226,ASW-G-11,Gundam Gusion Rebake Fullcity,,28,12,ガンダム・グシオンリベイクフルシティ,4,2,1,Gundam Battle Festival,,,,TRUE,2020-06-17,Haro Chip Capsule (Gundam Battle Festival),80,Dengeki
227,ASW-G-66,Gundam Kimaris,,28,2,ガンダム・キマリス,4,2,1,Standard,,,,FALSE,2020-06-17,Iron-Blooded Step-Up Capsules,80,Dengeki
228,AMX-011S,Zaku III Custom,,10,4,ザクIII改,3,1,2,,Event,,,FALSE,2020-06-17,Knight Coins (Weekly Event),80,Dengeki
229,RX-124,Gundam TR-6,Wondwart,40,3,ガンダムTR-6［ウーンドウォート］,4,2,1,Standard,,,,FALSE,2020-06-24,Haro Chip Capsule & [No. 022] Bonus Coins,80,Dengeki
230,XXXG-01H,Gundam Heavyarms,Endless Waltz Ver.,18,8,ガンダムヘビーアームズ［Endless Waltz版］,4,3,1,Standard,,,,FALSE,2020-06-24,Haro Chip Capsule & [No. 022] Bonus Coins,80,Dengeki
231,KUMA-03,Beargguy III,,32,5,ベアッガイⅢ,3,2,2,,Event,,,FALSE,2020-06-24,Beargguy Device A (Weekly Event),80,Dengeki
232,GF13-017NJII,Burning Gundam,,16,9,ゴッドガンダム,4,1,1,Sokai Festival,,,,TRUE,2020-06-29,Haro Chip Capsule (Sokai Festival),80,Dengeki
233,NK-13J,Denial Gundam,,34,4,ディナイアルガンダム,4,2,1,Sokai Festival,,,,TRUE,2020-06-29,Haro Chip Capsule (Sokai Festival),80,Dengeki
234,YMF-X000A,Dreadnought Gundam,,50,1,ドレッドノートガンダム,3,2,2,,Event,,,FALSE,2020-07-01,Dreadnought Chips (Weekly Event),80,Dengeki
235,XM-X1,Crossbone Gundam X1 Kai Kai,,14,3,クロスボーン・ガンダムX1改・改,4,1,1,Standard,,,,FALSE,2020-07-08,Haro Chip Capsule & [No. 023] Bonus Coins,80,Dengeki
236,XXXG-01S2,Altron Gundam,Endless Waltz Ver.,18,10,アルトロンガンダム［Endless Waltz版］,4,3,1,Standard,,,,FALSE,2020-07-08,Haro Chip Capsule & [No. 023] Bonus Coins,80,Dengeki
237,ORX-005,Gaplant TR-5,Hrairoo,40,2,ギャプランTR-5［フライルー］,3,1,2,,Event,,,FALSE,2020-07-08,Zone Coins (Weekly Event),80,Dengeki
238,GAT-X105B/ST,Star Build Strike Gundam,,32,7,スタービルドストライクガンダム	,4,1,1,Gundam Battle Festival,,,,TRUE,2020-07-15,Haro Chip Capsule (Gundam Battle Festival),80,Dengeki
239,PPGN-001,Gundam Exia Dark Matter,,32,6,ガンダムエクシアダークマター,4,3,1,Gundam Battle Festival,,,,TRUE,2020-07-15,Haro Chip Capsule (Gundam Battle Festival),80,Dengeki
240,ZGMF-X23S,Saviour Gundam,,22,8,セイバーガンダム,3,3,2,,Event,,,FALSE,2020-07-15,Cardinal Coins (Weekly Event),80,Dengeki
241,MSN-001X,Gundam Delta Kai,,44,2,ガンダムデルタカイ,4,3,2,Standard,,,,FALSE,2020-07-22,5★ Part Guaranteed Step-Up Capsules & [No. 024] Bonus Coins,99,Dengeki
242,XXXG-01W,Wing Gundam,Endless Waltz Ver.,18,5,ウイングガンダム［Endless Waltz版］,4,1,2,Standard,,,,FALSE,2020-07-22,5★ Part Guaranteed Step-Up Capsules & [No. 024] Bonus Coins,99,Dengeki
243,PMX-000,Messala,,8,10,メッサーラ,3,2,3,,Event,,,FALSE,2020-07-22,[Part 1] 1st Anniversary Device A (Weekly Event),99,Dengeki
244,Gundam Areus,Gundam Areus,,99,9,ガンダムアレウス,2,3,2,Friend,,,,FALSE,2020-07-22,Friend Point Capsule & Capital Shop,99,Dengeki
245,RB-79,Ball,,1,15,ボール,1,1,5,,,,Blueprint,FALSE,2020-07-22,"Capital Shop, Blueprint",99,Dengeki
246,ASW-G-11,Gundam Gusion Rebake,Beginner Campaign,28,4,ガンダムグシオンリベイク［ビギナーキャンペーン］（✧1）（S）,1,3,2,,Beginner Coin,,,FALSE,2020-07-22,Beginner Coins (Head),99,Dengeki
247,XXXG-01D2,Gundam Deathscythe Hell,Endless Waltz Ver. / Beginner Campaign,18,6,ガンダムデスサイズヘル［Endless Waltz版／ビギナーキャンペーン］（✧1）（T）,1,2,2,,Beginner Coin,,,FALSE,2020-07-22,Beginner Coins (Head),99,Dengeki
248,ASW-G-08,Gundam Barbatos,4th Form / Beginner Campaign,28,1,ガンダムバルバトス［第4形態／ビギナーキャンペーン］（✧1）（S）,1,3,2,,Beginner Coin,,,FALSE,2020-07-22,Beginner Coins (Head),99,Dengeki
249,xvm-fzc,Gundam Legilis,Beginner Campaign,26,4,ガンダムレギルス［ビギナーキャンペーン］（✧1）（P）,1,1,2,,Beginner Coin,,,FALSE,2020-07-22,Beginner Coins (Head),99,Dengeki
250,MS-06R,Psycho Zaku,Thunderbolt Ver. / Beginner Campaign,38,3,サイコ・ザク［ガンダム サンダーボルト版／ビギナーキャンペーン］（✧1）（P）,1,1,2,,Beginner Coin,,,FALSE,2020-07-22,Beginner Coins (Head),99,Dengeki
251,MSN-02,Zeong,Beginner Campaign,1,14,ジオング［ビギナーキャンペーン］（✧1）（T）,1,2,2,,Beginner Coin,,,FALSE,2020-07-22,Beginner Coins (Head),99,Dengeki
252,GF13-017NJ,Shining Gundam,Beginner Campaign,16,1,シャイニングガンダム［ビギナーキャンペーン］（✧1）（S）,1,3,2,,Beginner Coin,,,FALSE,2020-07-22,Beginner Coins (Head),99,Dengeki
253,ZGMF-X13A,Providence Gundam,Beginner Campaign,21,11,プロヴィデンスガンダム［ビギナーキャンペーン］（✧1）（P）,1,1,2,,Beginner Coin,,,FALSE,2020-07-22,Beginner Coins (Head),99,Dengeki
254,GF13-001NHII,Master Gundam,Beginner Campaign,16,6,マスターガンダム［ビギナーキャンペーン］（✧1）（S）,1,3,2,,Beginner Coin,,,FALSE,2020-07-22,Beginner Coins (Head),99,Dengeki
255,LGZ-91,Lightning Gundam,Beginner Campaign,34,2,ライトニングガンダム［ビギナーキャンペーン］（✧1）（T）,1,2,2,,Beginner Coin,,,FALSE,2020-07-22,Beginner Coins (Head),99,Dengeki
256,OZ-13MS,Gundam Epyon,Endless Waltz Ver.,18,12,ガンダムエピオン［Endless Waltz版］,4,2,2,Sokai Festival,,,,TRUE,2020-07-29,Haro Chip Capsule (Sokai Festival),99,Dengeki
257,LM314V23/24,V2 Assault Buster Gundam,,15,,V2アサルトバスターガンダム,4,1,2,Sokai Festival,,,,TRUE,2020-07-29,Haro Chip Capsule (Sokai Festival),99,Dengeki
258,RGM-96X,Gundam F91,,13,1,ガンダムF91（S）,5,3,2,,,,Blueprint,TRUE,2020-07-29,F Materials (Event Blueprint),99,Dengeki
259,GNMS-XCVII,Alvaaron,,25,17,アルヴァアロン,3,1,3,,Event,,,FALSE,2020-07-29,[Part 2] 1st Anniversary Coins (Weekly Event),99,Dengeki
260,AMS-119,Geara Doga,Rezin Schnyder Custom,11,7,ギラ・ドーガ［レズン・シュナイダー専用］,3,2,2,,Arena,,,FALSE,2020-08-03,Arena Coins,99,Dengeki